"","0h_01","0h_02","0h_03","0h_04","0h_05","0h_06","4h_01","4h_02","4h_03","4h_04","4h_05","4h_06","24h_01","24h_02","24h_03","24h_04","24h_05","24h_06"
"2-ketoglutaric acid",13.9489171925628,13.869115809633,14.0934721208337,14.3670268949618,14.6682573828825,14.089107620714,12.3946615565762,12.8544846752631,12.8075729300553,12.9094079869346,12.8933805041163,13.2833262780755,13.0236161966812,12.957013833086,12.8581007629937,13.1574617526435,12.8236206944035,12.9331714055709
"4-methyl-2-oxopentanoic acid",13.4639493360939,13.7396019312633,13.2970082947313,13.5463281958431,14.1159425486129,13.6882323070284,12.7623454322472,12.9032442746189,13.0633625326426,12.6412153674874,12.3413532318243,12.879458574201,13.8359876264505,14.1563838195132,13.4944901666999,13.3914930678905,14.0137909890815,13.3446151049471
"3-hydroxyisobutyric acid",22.0731179283771,22.4044156464203,19.9576806301349,22.0392819747842,22.0615025495863,21.1250558785634,18.4120698851744,19.4688040350912,19.2266270714919,18.2029333234342,NA,18.8317060482388,18.6843768947751,20.6512522475194,19.052943901078,NA,20.7066728670047,19.4737090948678
"acetoacetic acid",24.7673618282461,23.8677167596732,24.16079300402,24.5154786279538,24.5778300079557,23.8671704693349,20.8720155690395,20.8376394336051,21.001628609151,21.1586614547582,20.6915407417764,21.1775054717494,21.1329921304468,21.4969055136254,21.0225936052558,21.1547103360681,21.3958104292303,21.3257578982178
"3-ureidopropionic acid",8.35857878303625,9.51747477945988,9.29946205736425,8.10650444998142,9.10883888168009,9.58922419615528,NA,NA,NA,NA,NA,NA,7.49919003472788,7.49127281907171,7.44122940115695,NA,NA,7.44824759315251
"4-aminobutyric acid",13.1556576247822,12.965962395289,12.7761729979818,12.8990038382695,13.0065826087307,12.9839601371781,12.9021271946101,13.2739151593595,12.8394052607234,12.3937976698294,12.8750968677175,13.1887370037765,12.6592984550083,12.5945494958801,12.7715808992586,13.4635082271551,12.4348336070815,13.1882506439765
"5-aminolevulinic acid",18.8991127989533,17.3601025996475,17.5674685421939,18.7251162581501,19.4784737188049,17.8489405908999,NA,18.1874134720777,15.8519844345407,NA,NA,NA,NA,NA,28.4795399442663,NA,15.4646432636,NA
"5-hydroxytryptophan",7.42131733142743,7.19936140466086,7.2166688215577,6.00091503619031,7.40419882259558,7.31150903616584,4.03986519308329,5.62962164329683,6.36374846089406,7.80360760298152,4.20475931496643,6.97077278570467,6.41898084910265,7.23362721134669,7.65226770136945,7.05882828443405,7.4282793979471,6.99484965444702
"2-(6-aminopurin-9-yl)-5-(methylsulfanylmethyl)oxolane-3,4-diol",14.1323236522527,14.8152623234247,14.3958046194414,14.0037814618482,13.928444700811,14.1529070842677,13.8461191659756,13.6285204480591,13.5529587228481,13.6262188277912,13.4819286530168,13.9645139465166,13.2076597895746,13.7815330068582,13.7573083949832,13.8022079631634,13.4701365434832,NA
"adenine",8.90900536790142,9.06046691863449,9.07711035361717,9.10287486390046,8.5308564029599,8.40105715341349,11.8830902594417,11.2693380266753,11.1084590315575,NA,11.072193607502,11.3176119502597,8.383991152069,8.15978343613973,7.76160169530587,8.4943285168167,8.70201136017902,8.81259149691687
"beta-alanine",20.7442294064888,20.8017643452962,20.8739140948231,21.2426628954507,21.2781988965422,20.9048994399617,21.0989302817234,NA,NA,21.1329702338782,NA,21.6651273459498,21.4271277008799,21.7682580310861,21.5298024905727,21.7361832019308,21.8271874773436,21.5163768131732
"betaine",11.9651815663412,11.8406290142854,12.0835845451613,11.9601093215802,11.711611300979,12.1974512741928,11.6091604461861,11.4668602448387,12.0582424622764,11.5139848838863,12.2034121831266,12.1964746443079,12.0868193542318,12.1160521453547,12.126824857689,12.4219435352637,12.0861208390738,11.8223404310441
"citric acid",19.4014870880568,18.9568137456054,19.075561550664,19.4109716758532,19.3862156666328,19.2590507384749,17.7307359424195,17.4268836027393,17.9028558232069,17.6910167899208,17.6037406967521,18.3354579297161,17.5621640845347,17.7815111360443,17.3432631643454,17.8132267284883,17.706191009015,17.2869435500897
"octanoic acid",23.2634682413601,22.8053446836458,21.1320728706674,22.8575105266604,22.725600123525,22.1568605510326,21.2910232730465,20.8350689740433,20.7312406585989,21.2292191993872,19.2690603432641,21.4379784772133,NA,20.8240988015007,NA,NA,20.8799743348138,19.5968393985551
"4-guanidinobutyric acid",17.4961973234981,17.2478271743924,18.1615749829711,16.62779311682,16.8815523703669,17.374740358382,18.7457543370837,18.3184931689865,NA,18.0241154669176,19.2612031631912,18.9417121783389,18.0517503747228,18.6438116913155,17.8815367336071,18.9078564168109,17.9443327953779,18.2243699188148
"creatine",14.9942011020552,14.734627815976,14.8536633836591,15.1283446561533,15.1185900372042,15.2276752841574,14.3918349758533,13.9949473407451,14.6478660235369,14.4982761648399,14.5739161956908,14.7103340066165,14.1724363223101,14.4658240040117,14.4989033302598,14.5751180508798,14.3754035810111,14.177902687502
"dihydroxyacetone phosphate",12.3071954252138,11.8821202149483,11.874255876467,12.2364097274059,12.1698174778325,11.6140426564089,11.024749332495,11.6311025930712,11.6042994842419,11.5321727941674,11.7917243853626,11.8607426619365,12.2453062802659,12.2640593132132,12.0738775478774,12.2488344121247,13.0139494357178,12.2861220123014
"3-phosphoglycerate",6.52515233226026,6.83213857935518,6.46648014215735,6.32694912131673,6.38000706158242,6.52000726991308,6.85853316057229,6.65149768631473,6.58804816715196,6.83299526884909,6.44857047569038,7.08078136892803,6.59375601868778,6.87758807466508,6.72875061868464,7.05546284570979,7.72513942079342,6.35395605048372
"glycine",31.3517914074885,30.877265009584,30.460756357404,31.0963326784592,29.1128712018515,29.0051715601007,29.5902291549121,26.1924799316897,29.5710653351295,29.7961117690108,29.2677645877972,29.9435467743164,28.1433835074095,29.8666212720823,29.6186937546596,29.2693960904315,29.918297139848,29.7221408249797
"indole-3-acetic acid",12.1299016507181,12.1509679746378,10.181737918139,9.97026375999064,13.2565832803974,13.2650013010416,11.2866975853633,10.8346221268502,10.7678833011946,11.3731092563805,9.95543968050293,11.2122179741215,12.2525099139595,12.5261712594251,11.8633412608932,11.8833951705989,12.1552722409953,11.844304599411
"itaconic acid",9.0617293251644,9.61517608534535,11.2472411060633,8.76440583416561,6.12694355039138,11.3563711830901,9.64952202033874,NA,4.61039923665193,NA,9.36073558203494,8.25702274797954,7.49776238389272,6.78046351242138,NA,9.65447498416521,8.14889107463081,8.00018837605937
"kynurenine",19.4610632713046,20.4365661953341,NA,20.3130177630317,20.5623029871663,20.4157937093025,19.5851470568445,19.4851781233422,20.1952823521866,19.173734061083,19.6496661568711,20.0966862907778,19.5986126860782,19.9008396671488,19.7977155749323,19.7085722812583,19.8704059162968,19.1899499776898
"3-(2-hydroxyphenyl)propanoic acid",9.44666322321572,8.81398988311942,9.933726385847,10.2193953978853,8.17076545906859,7.78863563690012,10.4798077345805,8.2139745188972,7.6175592886716,7.65336641319381,9.1705500779427,9.77234610863046,9.16209327317941,7.76618748382074,6.88071056285469,10.0649717942767,7.39662492825602,7.635373930405
"melatonin",18.3736752320666,18.6418708799101,NA,19.7391079150466,19.0982795464917,18.8119632079124,13.9195401409709,20.2017222713018,19.3060952469128,18.95486847647,18.8403463635523,19.2025278912521,NA,19.3697438687295,18.876651340142,18.4641728025088,18.8991210225854,19.2846136748369
"n-acetyl-5-hydroxytryptamine",9.42486073584619,9.02004904146295,9.2515131244304,9.48570557911717,9.63921373341884,9.02111282679719,9.37436298645597,7.60028524666561,9.20451490298789,9.55370747511856,9.21993853955639,9.10321701520333,9.08868415796204,9.19842158488205,9.18685153576286,9.27077873592151,8.7604435212371,9.03526111263493
"n-formylkynurenine",19.1935868867813,19.2537577296121,19.2761997589441,19.4572150407376,19.7566566840318,19.4149678626484,18.420995262632,NA,19.0747179195389,18.7939363508308,18.3967884350122,18.9490292068277,18.2634616740417,18.8462966054192,18.4978720510491,18.5042822828142,19.0628034934938,NA
"nicotinic acid",20.5959055927276,20.8926901569725,21.6361604887882,21.5497063276652,21.734168479585,21.6181431089545,21.1465326248184,21.0040174893677,NA,19.3871662246938,NA,NA,21.4853080889016,21.6305688746325,21.0255284315718,21.9142892808394,20.4057872275507,18.9353916588741
"orotic acid",NA,NA,NA,NA,4.87268910038773,NA,8.74554257682285,NA,6.86819604408468,NA,NA,6.88277689101962,NA,NA,NA,NA,8.33807524862418,6.52265658114295
"palmitic acid",19.4281925917065,18.3596665020933,17.7714702963285,17.6175280565248,16.3657134069978,16.7747631019771,19.4144210833284,19.0902680774619,18.5619131100721,18.3912798644801,18.3235199524608,17.5868340666809,18.6971199588606,16.9854865037427,16.6573928603539,16.7101900739349,17.6616421033008,17.1413373601354
"phosphoenolpyruvate",11.7605555498595,11.483833485935,10.8894562723119,11.9446248306195,11.6610904777212,11.3868470489553,10.909129687907,11.622863468192,11.3907672672886,11.3059934993941,11.2660831660892,11.6325729526402,11.9944244839506,12.1006280621085,11.7201327777813,11.8549845871984,11.3639118213225,11.4396726675399
"2-aminoethyl dihydrogen phosphate",12.559524120572,12.2812719514602,12.3913700665045,12.9510834650101,12.5863838547786,12.4831491873428,11.7919970542903,12.8923798016826,12.2191984569814,12.1919180599828,12.450715603468,12.6067701334533,12.4302934538794,12.5427163671389,12.6760313833924,13.1111401846826,12.5871754351119,12.77548127888
"pyridoxamine",18.2807343145117,17.6196070641467,18.002845933779,18.5272220923738,17.9891711443556,16.2650772621869,15.0806593969683,19.2310186302293,16.8087904721019,16.4475015737538,NA,17.915519373062,18.7833183618708,18.6023027584569,18.5140395746242,18.0164999326325,18.8076215264305,18.726451579367
"pyruvic acid",24.4331205472944,24.3008170974292,NA,25.8391670162055,26.1230770942586,24.6170843965416,NA,22.2030091656395,NA,NA,NA,NA,NA,NA,NA,NA,NA,NA
"succinic acid",24.337660160549,24.167189783229,23.1309264860684,24.1648986273803,23.7446267268506,23.6025494478495,21.3795150871845,20.6765259273316,21.984528508723,22.0795093238143,19.930380245463,21.8872075322969,20.5405795254515,22.164312471452,21.4771112534227,20.2806186402412,22.6174942284208,21.3618376229995
"taurine",17.015938310138,16.6677859217231,16.8402705066102,17.1889281331366,17.0199388739943,17.2071317803858,16.4984862078156,17.026700605494,16.91504209557,16.7680977715941,16.8957152686004,17.1043500605127,16.9940227393564,16.846417309266,16.7385964535539,17.3849740312257,16.8737959067772,17.0214131054526
"uridine diphosphate-n-acetylgalactosamine",12.9803982818002,13.5958155190683,13.5319102977405,13.7979442207923,13.9519730359618,13.9989691668032,12.7599899934223,18.1297969297893,12.2263574157011,12.4176081828089,12.6687511286569,12.8674338745685,12.230155188661,12.0009728514354,18.1309473453876,11.8066173662452,11.9206084362018,17.7040652161843
"uric acid",17.2532815060973,17.2950219265132,17.172849796903,17.279994132214,17.5078302418948,17.4145896384049,15.1003718803432,14.8778429167067,15.3554109140291,14.9690421438352,15.3565600108018,15.5519625934977,15.0264666456587,15.3247369656691,14.7735641862954,15.0184728312793,15.1292529555205,14.8432105236888
"xanthine",8.16593178037704,9.37266760192479,8.49181181302042,8.50375490390472,8.28863277186071,8.62046180035024,4.42316279989504,8.49998981384173,7.05355648476977,NA,7.80872567401684,8.57287832079143,NA,NA,NA,NA,NA,NA
"5-hydroxyindole-3-acetic acid",12.4307512257893,12.2391293837752,12.4236909695595,12.326928196434,11.9279516630689,12.503648751332,11.828223832846,10.7911177165125,11.4579274168947,11.6355616565117,12.0952483980967,11.5657946580661,11.4661763741299,11.9096094185902,11.2931226365133,11.8326415182048,11.1786551659966,11.1814247675278
"decanoic acid",11.617988852981,12.8072682740253,12.1290502798701,12.2797169050937,NA,NA,10.6719092766957,NA,NA,9.09225571065769,NA,9.01372971257315,10.1846319717059,NA,NA,NA,12.9723790889732,11.5085530125672
"kynurenic acid",12.1783930460558,11.8938888400085,11.5802933561965,11.6417539582943,11.3264003289946,12.3067140352242,11.3049545820412,11.3436854410907,9.92785066126786,12.0281784802448,9.886621795619,11.9011842666916,10.7327087579553,11.2858319993536,11.0643517454504,11.5502056294999,10.2978183981375,10.4518766559146
"serotonin",22.3077260407592,22.1515249503304,22.2599754269615,22.6751036248833,22.801051946511,NA,22.3943515111239,22.7128641913506,23.008509464491,22.4123256572469,22.4919189199417,22.8513669751391,22.5292771682768,NA,22.6464316652515,22.7307104078255,22.7808789579573,22.7112373358844
"stearic acid",18.333718826646,17.4055937530321,16.4599491611652,16.2902281489246,15.2604810055282,15.8969184469016,18.4094426681095,17.212298019988,16.6412535802576,16.8233714971647,16.3740543656243,16.1127205882662,17.7223127910905,16.0707586519142,15.8710246817893,16.2273571290692,16.9817798320992,16.3399933557549
"tyramine",18.379245932866,18.7821416606018,18.5509508251394,NA,18.0923822640988,20.1413681826328,19.0916316313833,NA,19.3393238237099,NA,19.7847262147238,19.8997818511052,17.6047237499911,18.5227202708109,NA,19.1693408096734,19.2766838628543,17.8644753911534
"xanthurenic acid",NA,6.17234986906044,6.87037674569117,NA,NA,7.73863443942791,8.14518440582828,NA,NA,NA,3.32102133064504,7.80501765368656,NA,NA,NA,8.98884802439956,NA,NA
"thymidine",9.32534039419919,9.32745672423907,9.5082211923631,9.71719583631188,9.39855380132479,9.41040815502016,8.28948619687026,9.35465296951879,8.50353528788961,8.20963759138413,8.99997108917245,9.21231706377532,8.42564262861842,8.48126193390405,8.56307733546364,8.33619652581272,8.92899624461402,8.71045834686866
"d-glc",13.0711607020022,15.1975990917882,14.192301521479,11.9078590646138,14.4060058044666,15.0414034890532,NA,NA,NA,NA,NA,NA,12.383898515448,13.3932399266207,12.3656413296924,NA,NA,10.8052348511361
"l-cysteine",NA,6.42065453330311,NA,NA,NA,5.88243758615518,NA,NA,NA,NA,NA,5.28947386584244,NA,NA,NA,NA,NA,NA
"nadide",17.1170684106734,17.1033147480312,17.1492519742898,16.9855523185179,17.010528924308,17.0441163187441,16.6769542330879,16.4150546607889,16.6110590366942,16.57939283374,16.3610758376037,16.6725190130002,16.5584296539979,16.611646427798,15.8190184049508,16.7028739344477,16.551025779383,16.4511492433628
"nicotinamide adenine dinucleotide",15.5416168061634,15.4367040192983,15.7275687962609,16.0012327383718,15.992599420754,16.0127972874999,14.8146342845428,14.8404889323345,15.303327740443,15.1736220411635,15.1973932930124,15.3639939802523,15.292793202817,15.3475883331861,15.2532776659656,15.2971875543181,15.2500555445391,15.1205518424142
"l-alanine",20.6974192669449,20.8273751864659,20.8838339523896,21.1854290355499,21.218056187293,20.8670580940478,21.1241728588158,21.6698186850676,21.6136751971099,21.0870535794222,21.378338075971,21.6976970407245,21.6236051119872,21.5295199839167,21.290970383004,21.5973515479704,NA,21.6808011622706
"l-serine",12.3488891633997,12.2237884863831,12.1004814753996,13.0689598169392,12.8591682533555,12.8421925535699,11.3463694237565,11.2719430036607,11.5408598782343,11.0415670372721,11.3362660147119,11.564506155102,10.7457079147947,NA,11.0236865353374,11.4306391302497,11.3896421419571,11.4545570734056
"adenosine triphosphate",12.2491209198563,12.4571326564547,12.5261065290948,12.3215105571309,12.6268082733316,12.7462802981568,13.0764822570836,12.540991910136,12.5385569549847,12.470852674769,12.6304116867495,13.0589810487504,12.2171828752527,12.6188564228771,12.8571053217426,12.8968451946378,12.6524513135604,12.5734910132189
"glucose 6-phosphate",13.2435357455251,13.8757774334092,13.7393372377435,13.6982693826816,14.20822783388,13.7573008237199,13.2901321363926,13.5603860039495,13.1742117044072,13.096131936834,13.2376350497134,12.94660970711,14.0003699055827,14.1286604378129,14.141231456379,14.0648293036514,13.9894015456506,14.4902092611422
"l-aspartic acid",18.2416363760258,17.8818755359328,18.126381689875,18.4355540248218,18.1885690091902,18.3627072434747,17.1788491224458,17.2374261162993,17.2712700839043,17.2513422599403,17.2522316921656,17.6655896351938,17.3748409495229,17.263081913539,17.387656379717,17.8738124793823,17.2005105393608,17.5102966477635
"l-glutamine",17.4583658317882,17.0846431463358,17.0876442917529,17.640189251475,17.3931924688254,17.3941126096789,15.9266641890301,16.5359001423341,16.4482033100057,16.1325662115568,16.359119969369,16.645109075669,15.8412887590411,15.6880949312541,15.7654194827899,15.9580841277509,15.3670559580838,15.5368779733023
"l-lysine",20.8896892748066,22.6237810005586,20.8379268353745,21.3144609257947,21.0309190084653,20.4024412271493,16.67404872543,NA,18.1498316489487,NA,NA,NA,16.6926875733536,18.6166453965175,18.5350227564151,NA,18.6472923968614,18.0757087614641
"adenosine 5'-diphosphate",11.3158590867009,11.1610204988475,10.7840129868696,11.3649501043621,11.4563684292053,10.9950548941617,11.01625444203,11.4007272052501,11.1655163623532,11.774570845008,10.8890391255053,11.7340856970995,11.4191930656879,11.4590385070209,10.4473919743471,11.1894968168121,11.303282491217,11.6537193190179
"uridine",11.9621351600486,11.8460163504472,11.8145306681391,11.6932933380563,11.6254544890308,11.5688978539954,11.7498711897123,12.0997160224985,11.7855613585073,11.486468815569,11.6966060280451,11.8571379743886,11.8493907071584,12.1386406595452,11.7216922601703,11.8554386204037,11.9465956852055,12.1064324161121
"uridine 5'-monophosphate",9.17180905201148,9.67003744028953,10.2124796211382,9.66116733500747,9.70335001882419,9.65475609746454,6.80007711179342,NA,NA,NA,7.88814025107847,8.21215521563254,9.62040588432313,NA,NA,7.41766501056033,NA,9.64554684706922
"l-tyrosine",12.5944282355851,12.8959639231231,12.7011930653546,12.5042373066589,12.6953507615783,13.0035755433918,11.1309554517108,10.1677971371973,10.8959127570569,10.931103196916,10.2393726611807,11.4342123233568,12.099066300249,12.4079464929732,11.8108396169628,12.3709606400668,12.1830593551619,12.2845976704071
"adenosine 5'-monophosphate",9.44482253360058,9.25237743657346,9.29184670824896,8.8479281317558,8.47538365821869,9.61675470884022,9.61308009031245,8.8479281317558,7.99453915633246,9.14076122106774,8.10093078196944,10.1610981474658,8.45538248597475,9.5572000976116,14.147367024219,7.74029432494318,8.78496697264568,NA
"l-leucine",12.9255566766054,13.2384725326056,13.0188912706074,12.7710733822262,13.0817566265113,13.2862319440076,11.3701527696296,10.4750801738294,11.3484939954496,11.2865659204931,10.5387344771133,11.7861841152067,11.2072741777797,11.6771498715838,10.9688256731162,11.0876485921904,11.1943609526528,11.3876768245929
"2-aminoisobutyric acid",20.8769246905483,21.0296414188587,20.6210018920238,21.2724315939616,NA,20.572023123467,20.3110671066916,NA,21.3906621946981,20.3386134880261,20.9249959915539,21.2740805976528,21.3790332528643,21.21027386367,21.1071432159743,21.0826339161114,21.172699483281,21.1581568348076
"uridine 5'-triphosphate",13.238076865895,13.2744308709343,13.2791474708264,13.4357523359706,13.7207174051902,13.5612485474038,13.4258643670011,13.4589681655178,13.1513722348342,13.4977912706735,13.1569885264092,13.7431814860688,13.1021160777918,13.3256588847301,13.1198711967967,13.6186682948508,13.502935580418,13.5726026589231
"l-methionine",11.2216276822953,11.5724148960932,11.2528903813267,11.2438583287492,11.5470225208732,11.4631591494618,9.9234061122364,9.84543606930411,10.0028833324898,10.1937040144685,9.10510238190153,10.2024772138869,10.8617708248628,11.1077362385891,10.8032836029425,10.6493572174292,10.4671236787559,10.9138511659215
"l-phenylalanine",13.3135402341242,13.6017522544385,13.4147210120868,13.2686058454529,13.4461793041809,13.7364997031521,12.2257213838383,11.5397993675212,12.1355851522446,11.9349599781814,11.6547599455192,12.3951346935576,12.8731002562027,13.1389510870259,12.8091473885711,12.9398617583761,12.8856197765523,12.8426488456988
"cytidine",13.9331561023261,13.1697790874389,13.5158319831962,13.591617068826,13.6222538112277,14.1011335810103,13.7632005940262,14.0909783549968,14.2847267005657,13.8915362113854,14.2096451473981,14.6205075309556,15.5660936626713,15.6025567453083,15.2887507217036,15.704586234853,15.2654378436303,15.3342340202936
"l-ornithine",20.4373001872623,21.6353867462017,21.71724864018,20.7347466384529,21.1031789566536,21.7819648466531,20.4551435943827,21.8058670893514,20.4917410741308,NA,21.9844285013958,22.1399241720555,21.0246546909095,21.7888432681838,21.8491402446441,21.3988695601286,21.0928768818787,NA
"l-histidine",19.4410246689763,19.5761379439213,NA,19.2572498734098,20.0520106640311,19.9737495339251,19.2300003210492,19.4343987450803,19.6978313036216,18.8501022338691,19.2532190186515,19.6898953963966,19.9635954373765,20.238689631895,19.7880574820198,20.219134893653,20.0551860019939,19.7358104817298
"l-valine",9.6213950350207,9.98002847155871,9.80535556648474,9.72996395080374,9.79015661255711,9.91165504102371,8.25687925586088,6.55833771619453,8.20166555159795,7.16955938320715,6.77021241315986,8.28346929463438,5.30226796562424,9.0996251957113,1.63112968708199,8.10884840737085,8.2849509449541,7.69992236858636
"l-threonine",14.6198067364856,14.7909819902658,14.7863289895294,14.5972052620472,14.5249437973877,14.8905346467888,13.9982499486217,13.5283236078703,13.9637354199019,13.5925940190505,13.8230232591907,14.045277419349,13.833269578306,14.0941429461823,11.4777155236938,14.2422715496769,13.8303942732056,13.7742008724312
"l-tryptophan",17.0773354079404,17.6397001879044,17.3404827138589,16.9661926301637,16.9377718260734,17.9244709397728,16.3051073367269,10.3429837317779,15.865789930891,14.5495239036011,15.4538331892103,16.5595032449396,16.8584576965635,17.2236824833245,16.3897269107765,17.0460634435109,16.7411301676996,16.3197958529516
"l-isoleucine",12.880260047153,13.5389218971072,12.9427962296475,12.9953079927571,12.7756779136312,13.6220901027746,9.61284273951918,NA,10.8473957280429,10.1373784813455,NA,11.1788318977032,10.9781602148198,12.1459360269578,8.9517886465934,10.4406445079709,11.4474643134772,7.07187283295407
"l-arginine",20.1082546995934,20.3180814059972,20.9272843155051,20.9707931362372,20.3660506736742,18.9481749217926,20.1335997228534,21.1508558814788,20.4090611682957,20.6697195148824,21.4236889506113,19.3390772449359,NA,20.9243435770276,20.4195086304793,20.5824824534334,19.7163673714718,21.3404663983313
"pantothenic acid",17.9711687533558,18.0249607551645,17.9742497339249,17.9537214248429,18.08067951719,18.1275098965363,17.5267824854179,17.4781494028084,17.5432603696282,17.5884989500185,17.3334888912934,17.657466723682,17.4835405349871,17.6070398012365,17.5797047726705,17.5416657465744,17.5031631917259,17.5312884774086
"4-pyridoxic acid",27.7652497284157,27.7530815972474,NA,28.0187385259529,28.2831443466175,27.890230688799,27.8916144090608,28.785695544348,28.3683729634905,27.8937650397351,28.1314951211279,28.2442165902677,28.1697382706607,28.096702376388,28.0002600315309,28.1020310098049,28.305045554419,NA
"shikimic acid",NA,9.77567250656635,NA,8.56347763991835,NA,10.1049227535618,9.89631548128549,4.77266703769905,NA,7.26525682079938,9.05009692259101,NA,8.90756517552324,8.93103426981374,NA,9.77393269332939,7.73380369724951,8.45202543459612
"indole-3-carboxaldehyde",24.9934945989921,25.475612780208,25.2449798204628,25.380361642944,25.4501969992546,25.2728348608764,25.7842385009114,NA,26.0860139651997,25.6536701760148,25.6303502730501,25.6699952210894,25.7000240415497,25.7316952834295,25.4042820587622,NA,25.6951372091978,25.5277169178119
"l-carnitine",12.6788291133365,12.7990625484063,12.947940667975,12.6062777159462,12.6591325436306,12.4198076540157,12.4390519107786,11.920391749964,11.7796572785302,11.5683812780008,11.9254885802689,11.3299807251708,10.7029221248907,10.6923885544532,10.5921189529053,10.8273084832924,10.6833789185691,10.4961982775333
"tetradecanoic acid",18.1908934110634,17.3147877522983,16.6134844289914,16.764772737606,16.7830538211018,16.8656141467078,17.1092499352843,17.3582861485051,16.490512776282,15.9833158906374,16.5875976225904,15.8117721127407,16.4996281559043,15.3467204208515,14.680358154777,15.177523247434,15.4418983845188,15.0719727504972
"3-hydroxyphenylacetic acid",16.3612512639883,17.052764162322,16.435856156589,16.4555038746059,16.8550965772983,16.844629881678,15.5424331120676,14.9809989076675,15.7722929529247,15.1633649829395,15.0283442794557,15.6843911527703,16.5747839165219,16.7565975179677,16.4954295289651,16.3743004843995,16.2860996644339,16.1830749967457
"glycochenodeoxycholic acid",NA,7.40405819603311,7.83666907603159,NA,9.28071703685775,9.13884706194781,NA,NA,NA,NA,NA,NA,9.76863430992898,11.0971958949952,10.0575926514143,10.4062887154497,10.8172757010466,10.5339980407941
"2'-deoxyuridine",NA,NA,NA,NA,7.62821266179625,2.58315764106395,6.31829487369509,NA,NA,NA,NA,NA,7.68629422595194,6.07445631898856,8.64121665379274,NA,NA,NA
"9,10-epoxystearic acid",12.6684340928821,NA,12.1260628467397,12.4147271922567,12.7433310169803,12.2328869209584,11.9982975766489,12.8298704170903,13.1568081937902,12.7851576392425,12.0208724305128,12.4273907507068,12.7396464058948,13.0672243012349,13.5584077607652,12.962583998195,13.0135984639022,13.0971434797578
"l-argininosuccinic acid",21.1357097025072,21.9571237631965,20.7262454002302,21.5261058978164,21.5333430909539,21.0886761629208,NA,19.9202834551907,17.2364175019073,18.6757897600308,17.0813700812591,18.3309837345736,17.1577620926045,20.0493953606013,20.1017183315569,18.7445831625007,20.0093857396008,19.729082265001
"2-hydroxydecanoic acid",9.90199049574792,10.3333054633075,NA,8.95795040910092,9.27302559593091,8.29134401496098,10.8129257136203,10.3329411366924,10.4126673497958,9.99028096331122,10.1652236841046,9.06385038466484,10.7710766139496,10.726513467688,8.37572226502527,9.82694646877637,9.67868479543941,9.96489632032729
"4-carbamoyl-2-acetamidobutanoic acid",10.2575326435831,9.91724804116141,9.41690656801214,9.94127784195004,9.6117900790628,10.0484289961023,NA,NA,6.93431091468961,8.55259624437785,NA,4.98819784160231,8.70180207020043,7.35003082936481,9.71539999946707,7.53404311325778,6.29577229423183,9.02448238493272
"l-glutamic acid",15.2591321239394,15.0273242436242,15.0637175954435,14.9798388251715,15.2008780860183,14.9618521517117,14.6975468339349,14.8044416830632,14.7813146634391,15.0970746952464,14.6998475589983,14.9952698763195,15.1893808291134,14.9544109743823,16.2036822409984,14.9349783782647,14.9870440211738,15.232925172192
"barbituric acid",14.4219960071555,15.0580387850959,14.8569461666525,14.4891863342026,14.9391191827663,15.2157204821794,14.1064554515709,12.7198088037611,14.0903510170605,12.8932871764665,12.8332868804533,13.7829868175617,14.4700421515321,14.8323223989661,14.4156519964122,14.439677390825,14.2796184321416,14.0676957776475
"n-methylnicotinamide",12.1098146631233,12.207776843852,12.2007293517832,12.0853221375315,12.1095266513024,12.0055278510023,11.684410986771,11.3013816596554,11.5535703063527,11.6277274165091,12.063099885797,11.6304747962703,11.8657906852608,12.0596124516908,11.6410769369598,12.3101701892247,11.8146257685371,11.8747392749219
"3-amino-2-methylpropanoic acid",21.5102976883939,21.6794882740039,NA,20.7894499231186,20.9603955250621,21.4349097800668,20.1128725475997,22.1302870917411,22.1278244000047,21.7215067382748,21.5873828751899,NA,22.0344218661548,21.9567379942059,21.8611172553399,21.8575780039458,21.0905251352251,22.0378265389823
"xanthosine",NA,3.82291576344511,NA,1.90663644807128,NA,NA,NA,4.83088793512447,NA,NA,2.92596363396022,NA,NA,NA,NA,NA,NA,NA
"1,5-anhydro-d-glucitol",19.953723943762,22.8690611672345,20.5934078158936,20.9158300853589,21.3979307562164,21.5382612820547,NA,NA,NA,NA,NA,NA,NA,NA,NA,NA,NA,NA
"3-methyl-l-histidine",20.4473574981349,NA,20.4371597531026,20.8690045105655,21.155200088541,20.6102671072705,NA,20.6554134947043,20.6923929663249,20.115501432374,NA,20.4915246740235,20.971618541985,21.0218230791405,20.9758606996538,20.7937011720545,21.1354797265449,20.9405319902873
"aica ribonucleotide",16.7374390570754,16.7546552188515,16.4836069094962,17.3317490387346,17.5186445813484,16.9906976112977,17.646067846392,17.2191221467009,18.592530430847,17.7178127548935,17.8890057781732,17.7417201830478,17.8271166047863,17.7804289121628,17.3889509019693,17.8869522328758,17.9269151681403,17.7248336045591
"n-acetyl-l-serine",12.3532493800433,12.4518776014737,12.0833322483777,12.3380140373703,12.5058375916511,12.3428306174484,10.8449372791687,11.2433923120614,11.3262713364935,11.500457948134,10.6556188312983,11.4587847548499,12.2075425461383,12.1295715860228,12.2602665087721,11.8428434789191,11.7286292637982,12.1011651048492
"glucose-1-phosphate",16.0552034571418,15.9255594053877,15.9080687333488,16.0829091342634,16.1185351546637,15.7965987587989,15.1167887045606,15.2843149851656,15.3110903450705,15.1797505834571,15.151804886517,15.1845043717686,14.9029830462545,14.9810889491197,14.9441384469247,14.8732413355907,15.2904717411741,15.0982958439044
"fructose-6-phosphate",19.296886117418,18.7438291102835,20.1468104486959,19.8835189627188,20.0312245026525,20.5668149329442,19.9084578137335,NA,20.6643604694647,19.8625075334676,20.2244416824192,20.2741632034026,20.2906491298587,20.4744012891861,20.157172213561,20.9544253363493,20.3612002438873,20.3810376898508
"n-acetyl-l-leucine",NA,NA,14.4834434305301,16.4631605842815,16.8866306068581,16.1986577801192,16.8277106681064,17.3695736973157,NA,16.7517522434664,16.527584172708,15.8053549683407,NA,NA,16.3944424774115,16.221440135633,13.4189697239655,15.13937156747
"n-acetyl-l-glutamic acid",13.3892015344075,13.6285938234305,13.5991717938326,13.153545182532,12.8799325168054,13.235261866275,12.0116881165804,12.6689245441854,12.008186561308,12.953520815198,11.4548581464019,12.0948850709548,12.5522363460899,12.2041956498977,12.6215975383844,12.1666630339224,12.4299241943658,13.4646674834403
"5-methoxy-5-oxopentanoic acid",17.2782163209339,17.3393973085627,16.9074638907392,16.8343544275038,16.7163014489665,16.8441953607258,15.3970134351655,15.1438126364653,15.3683141013952,15.1570814086943,15.0123801211005,15.4981992572667,14.7148816756744,14.9163924454271,14.2281639822051,15.0205264991748,14.7646812548871,14.5883915411087
"2-oxovaleric acid",11.7006252182433,11.8258009283575,10.934530505933,11.1562958732857,11.8122593209579,11.5664558874424,10.6997517284547,10.8317430927788,10.8298635201915,10.7624658056144,10.1200570586024,10.449274010953,11.9245426728795,11.9867535417516,11.9481125413053,11.2607466985564,11.6263855420634,11.7751909198012
"alpha-galnac",19.1565158966728,19.3349595751323,19.0906617273058,19.6015056184545,NA,19.112940718715,NA,18.9475874166517,18.964606578752,18.6492769646038,16.9701022980292,18.9047269026109,19.4941672503461,19.546178658122,19.5062388246703,18.9739330365295,18.9881232318484,19.8117887141238
"alpha-lactose",NA,NA,NA,NA,16.6824955351769,NA,NA,19.3888179451874,18.7154824166228,NA,16.1016821017872,16.6565479108557,18.8877148326252,19.6513290791345,18.3129821376021,NA,19.9392419672008,19.4793075641488
"coenzyme a",13.559524120333,13.2251036934063,12.1320520076364,10.4998849389544,12.6320614290861,15.6250521329808,14.8997237806279,11.0036852522171,13.7887064287762,11.3187045513786,13.9014327764933,15.0766107348386,NA,13.4183956300371,10.8441014561667,13.4309451074193,13.0675544913776,10.9833703932062
"2-acetamido-3-(4-hydroxyphenyl)propanoic acid",7.12327033518054,2.08937466326543,5.63008067476418,NA,6.35670406534899,NA,7.77129934740289,8.59005003277631,6.15516377806872,7.8003236183724,3.63523733794093,NA,NA,6.18116899113629,3.77944223129072,4.47715987255127,NA,8.76721607432276
"(r)-3-hydroxybutanoic acid",25.3780972145392,25.8485013043959,NA,25.2046145704392,25.3630278119678,23.8240004525598,NA,23.6997162518289,19.8103892853487,21.9750161080679,NA,22.5529800169951,NA,NA,NA,NA,21.8553767501746,NA
"2-amino-2-(4-hydroxyphenyl)acetic acid",9.892550722535,10.0971385608953,10.171704846257,9.78434220870104,9.66818271147066,9.80449783075688,9.1548842495353,NA,9.12108167142898,7.06597688412074,8.68041166812863,8.81014711309239,5.04848178697799,7.78215926500391,NA,8.3395072072089,6.65978389020499,NA
"imidazoleacetic acid",6.39316717267175,7.72094340478678,7.08737192844305,6.33253552521972,7.90956174955518,7.20103191321667,NA,NA,NA,5.90151873805367,NA,NA,7.55408672715183,6.63752099409636,7.85230102834202,NA,6.52182106231281,6.01880586470438
"n-propionylglycine",8.33567958337576,7.23826329859571,7.86972681612072,8.31218758565405,8.38333234323421,7.72394663628548,6.74087420686168,7.04586674059514,6.8688644629914,7.70930978742806,6.07029422174137,-0.155118606299093,7.20693874343605,7.86925279639867,8.39035258389674,7.28953730375038,7.03936801336905,7.81253293174342
"hexanoylglycine",4.01784879801891,NA,NA,4.4176324214662,6.19426865245671,NA,NA,1.2649553474279,NA,3.08129496747436,NA,NA,6.74350846088188,NA,NA,NA,4.75577998711505,6.92499002372967
"d-mannoheptulose",NA,11.5571320992389,11.8028832698842,NA,NA,11.7352316949979,11.3825313496238,11.7461226976303,11.4656269416352,11.5312019064329,11.7654006398526,11.8122630859483,11.1985546986836,11.8645458130708,11.2839334651119,11.9858503743971,11.3299644892689,11.2414127697481
"4-oxo-l-proline",14.2665058392352,14.9603921447771,15.1510869490507,15.3204698638801,13.9252449300455,13.8747798777026,13.0909498532872,12.7748891626884,13.191150367394,13.0953586693758,13.1503950001416,13.1876739155851,13.1903013710759,13.498777846448,13.6936809579709,13.9631691681646,13.4313891760623,12.8558372334442
"l-lactic acid",27.9143971718175,28.4639662306606,26.9940930766862,27.7388566125437,27.9682487948951,27.6827114284321,25.7115207718212,25.5353642959016,25.9581230126067,25.6900521096427,24.8424379407284,26.1164195291912,27.3856877087523,27.8197265210976,27.5306501812382,26.86641044616,27.8483239960013,26.9840896478214
"propionylcarnitine",17.8515363345854,18.0554385433489,17.9237302515912,17.8918597612587,18.1499775123281,18.3705457616816,17.9819362224206,17.5937230496384,17.7646426639244,17.868205605051,17.6201877491891,17.9946963665671,18.3775447661604,18.4942616686354,18.3777216537904,18.5193340217841,18.3809759826116,18.4618218920358
"hypotaurine",13.9203064909701,13.2780957977764,13.8265068741543,14.5276981033919,14.2790420270235,14.1528567050834,12.353644388132,13.1854239118549,12.4477590258192,12.6796758638985,12.3181421904275,13.1101679513822,13.5035811757391,13.65374767985,13.2100541747788,13.257596552064,13.3299644887084,13.0982724878605
"anserine",7.47879591490602,6.99906035983571,7.15547730954521,5.95448716933932,6.0576651406264,7.42626655471467,6.22745131594777,4.1246195903464,6.56167103636695,4.56506789482475,5.58220705802805,3.45809030929705,4.62894424007099,5.93856626740127,NA,7.0091032018803,5.55603063572869,NA
"d-erythrose 4-phosphate",6.65866273574667,5.87361655305382,6.12003626195717,6.72452444103023,7.03545270049371,6.23115632432613,5.31577486695867,6.25160443980173,5.63997680838225,5.26722617792188,5.67617937991032,6.26128885789252,5.99442725207465,5.99265205486779,6.27462284059916,6.5776251103382,5.71687526681507,6.01283050514895
"d-ribulose 1,5-bisphosphate",9.34572139870859,6.75859210433221,8.61763087197122,7.24591041414956,5.8210200882354,8.86030135445065,7.60858430883677,8.15194007864351,7.82645649189369,8.40867329227967,7.77604251689769,7.25528260533996,8.33759583067438,8.30990321200248,8.64154585640917,8.48448944598681,6.70741241693465,8.76247082459726
"galactose-1-phosphate",13.8094712566306,13.5587706188539,13.6209753422896,13.7641130198312,13.7042353821733,13.573414757842,12.732195963984,13.0599120079274,13.095830341192,13.0112500004077,12.9639156303362,13.1267438696227,13.0488740274598,13.2177622747049,13.048339391245,13.0536646043611,13.369147565338,13.1568280915135
"glutathione",19.1878944741213,17.7905209176793,16.9184087628694,16.8481468847524,19.6124660648641,19.8332509362919,18.8950610859899,18.5695058870265,18.8077798153657,18.9681621413169,18.6669146771728,18.8793078928205,18.3720599602072,18.5070265789062,18.1970958890323,18.1249346093173,18.2632108318181,18.4250117762008
"l-proline",9.95579798857902,9.96457104795813,9.85723109150423,10.0060166661643,9.80234725196435,10.0703593707263,8.52434002255315,9.2396899464411,9.15225071214996,9.07716757517395,8.84259713190886,9.24371378776108,9.77802977040369,9.73753167113027,9.88868242812837,9.64445518942632,9.49974546483975,9.47168284460306
"threonic acid",15.4637452881921,15.8589670425166,15.3635533770131,15.0243534943019,15.0119640155863,15.2668187210278,NA,NA,7.97359446311122,NA,NA,NA,12.3101939959709,13.2153986431206,12.6061737510055,13.1031638031162,11.835479068499,12.6452720918824
"nicotinic acid riboside",22.7043562081487,22.6762618045049,22.48978568343,23.2573735077663,23.4559156220685,22.5708126777147,22.621327468338,23.0655669197261,23.077680780934,NA,22.909101280128,NA,23.3673072333422,NA,23.2062246384168,22.9655452713006,23.1710695443652,22.8625824623301
"sedoheptulose 7-phosphate",10.9489355969475,11.0970870432159,10.8679274775883,10.3350637538795,10.2542531974357,10.7786819701118,9.71771823337344,9.77182817387367,9.99957552739413,10.1078415724273,10.1000704629977,9.54895173072495,10.2587092975823,10.5049923041728,10.3432994628585,10.3812326551098,10.7001250904837,10.6488719517597
"d-fructofuranose 1,6-bisphosphate",10.2283069575709,9.8174421724118,10.0498153289732,9.73263195498912,9.92233980302661,9.32886949248466,9.56894889544287,9.16495550069623,9.27201403987565,10.6912929258541,9.67639425989418,10.5874863372127,10.832261557511,10.7995454964284,11.2508267117799,11.2297320462602,11.3148435686154,11.1423638258702
"3-hydroxyglutaric acid",15.2329967910612,14.9127770380111,14.8791834867262,15.3848034453899,15.2054931027171,14.896297105325,12.6336887371069,12.8508804387846,12.8867707156399,13.0327089971347,12.9578618764758,13.227203260228,13.159974109218,13.4421233868208,13.0400154633617,13.2346530211123,13.1202671407142,12.9997225984802
"n-alpha-acetyllysine",18.7540527317008,17.6231109047874,17.4677951261647,17.0321724588339,19.1283496123419,18.8765426719192,18.4490896904259,19.0923153439144,19.6642604257171,17.974770629419,19.860061743137,NA,19.8048253088349,18.5023038243819,18.9201981937692,18.916384154151,19.4450834446567,17.0975324552768
"2-keto-3-deoxy-d-gluconic acid",14.1356198787209,13.2982366789874,12.338283496871,11.7698208269989,14.3294238286184,14.8570791960602,13.924872936531,13.5442754345197,14.0805707855091,13.5865251091739,13.9860766439668,14.3839401183375,13.4446221897366,13.4354355552062,12.7626865560048,13.2442000887126,13.0725110152244,13.5586897070462
"l-malic acid",27.1402147123492,26.365560255419,26.4972573815808,26.9890703053781,27.0893542325307,26.4760490021607,24.5640565423145,24.3846799559182,24.5570996672545,24.8437423664262,24.2800789100815,24.8269337371125,25.0662362604708,25.4519652797222,24.8746128729278,24.9533006050537,25.3360766393472,25.2806198811418
"s-adenosylhomocysteine",20.6305893878714,21.0513079927989,20.3934702827969,19.7432757487998,20.9320288966533,21.7787851491822,20.8380112513204,19.8640706197271,20.7522272973333,19.8148844930877,20.8823671903351,20.9118423764245,NA,20.7588310997016,20.9732615909918,21.4960446973372,20.5844540863833,19.796191175163
"d-fructose 6-phosphoric acid",16.1609208186651,16.0492827027785,15.9940634147353,15.9667034459151,15.9581280783057,15.8699045248811,14.6514446380402,15.117052579355,15.2369625713573,15.2692607334433,15.1803898653624,15.1792320036392,15.1825784470672,15.2620402601234,15.3194716660365,15.201240513582,14.301167831606,15.3239334829294
"sn-glycerol 3-phosphate",12.633669539878,12.3769817059617,12.7336223572946,12.8026700086062,12.947498691559,12.6215265437144,11.6401461674396,12.2799374641688,12.0612501801036,12.0266865270022,12.2417482274118,12.5991627372181,12.8870644918405,12.5222189482502,12.5104439208231,13.1174380528753,12.506245162484,12.8089767616548
"d-ribofuranose 5-phosphate",14.4140528850248,14.2862753161561,14.2623705156449,14.241821207469,14.4152731529488,14.0597724363039,13.5174488288657,13.7835622767315,13.9593877035586,14.0410688074249,13.9398347549345,13.8656056870154,13.9907431599204,13.7887124067411,13.9361198936414,13.6723906311245,13.7782308174603,13.9515642045922
"methylthioadenosine",21.8772404923538,22.0917963371227,21.9324001381684,21.8856618333527,21.8932905867995,8.55271781483195,21.248857220682,21.9884272897978,21.6117603838954,21.5078867545222,20.9222219987332,9.96989503891728,21.4369123736214,21.6352829661299,21.605570178299,21.5604959021404,21.3849362469104,21.512965497979
"2-phospho-d-glyceric acid",11.7421044939827,12.6133497099047,12.6335667475075,10.190725054328,NA,12.6104076987501,13.0017404647432,NA,12.3725689073127,NA,12.6233118638785,13.0418510915654,9.66522130454776,12.4494650317314,7.88983862558327,13.0993499829924,12.1884529833639,NA
"cysteinylglycine",15.7831395374454,14.6602841195448,13.7021462017965,13.6982694380363,16.3729406291122,16.5753357312928,15.4805953575391,15.4672304213016,15.5467368780151,15.6727051607643,15.5874883015104,15.8375891732787,15.2515927292269,15.0821635189722,14.9326345098936,15.0964679173813,15.0242293674907,15.2494077107824
"o-acetylcarnitinium",14.1537556642228,14.3779566873411,14.3928589731411,13.6350909001947,13.7805018993058,13.5697321363516,14.6573241969006,14.7950983739016,14.0376403512012,14.039586584389,14.2639439529632,14.1696446896864,13.5103430216931,13.5776159036171,13.5729719672695,13.1022543974169,12.9365191480493,12.6646859832729
"o-butanoylcarnitine",15.0186013269463,15.1579336578309,15.129814206888,14.9634953496176,15.2529446888608,15.3116024461679,13.4381985599881,13.9154639720247,13.8224546379379,13.9791759016008,13.9160572265214,14.1650498750575,13.690349387948,13.7456595566782,13.5940067082384,13.6800534095723,13.9852553494296,13.6342353351547
"nicotinamide riboside",7.59754549979901,7.5674109188204,8.24658187050905,6.44158587057894,7.59600188190476,8.36619533631622,8.52856002081474,5.63627470150992,NA,4.6160448356425,8.23204772145902,8.97363083780585,NA,7.72805226255194,NA,8.08255105539486,5.24452827081409,NA
"cis-4-hydroxy-d-proline",NA,NA,NA,18.0068659602071,19.2255391865951,NA,27.9279563112634,21.4838073273918,28.4025054246481,27.9538379849758,28.1055558120095,28.2172224457732,28.216634412833,NA,NA,28.3076992378341,28.7945363814902,NA
"(s)-2-hydroxybutyric acid",23.1079838928301,24.5301175898244,21.2522355503075,22.8805206863642,NA,21.279900901085,NA,NA,NA,NA,NA,18.8813140630045,NA,NA,NA,NA,NA,NA
"trans-aconitic acid",12.5204079904486,12.8365111438044,12.9439568032093,12.3399060503869,11.642773355117,12.858364550219,11.1496852124625,NA,10.9713421086216,10.714633227642,10.9147541547527,11.148908734264,NA,10.9754017323084,10.2323193581098,10.7566926649395,10.8876063835026,NA
"arachidonic acid",14.2555563526673,13.5596625263674,13.489709937182,13.4598825018031,13.2063582597072,13.2703120987265,16.2209499911673,16.8172365388041,16.1167129009839,15.5450199130758,16.309710255012,15.6641665608838,14.3157799574054,13.7624671205328,13.4027065573019,13.7219537355885,13.8042013851429,13.5823772062363
"fumaric acid",13.4749650191178,13.8175436394996,13.4843537508174,13.4824344459502,13.6646783805835,14.1169597411735,11.0195072351785,11.4291445567773,11.3927878487507,11.9863848505239,11.0621087444683,12.015960380729,12.5165392058683,13.1073134077479,12.7533867395852,13.0226202948188,12.4478417985604,12.7400839865536
"oleic acid",17.315665786832,17.1351602291622,16.3573854741038,16.3886641236036,15.9242568785604,15.6265198659369,19.4593381274901,19.6855420970658,18.9050942690192,18.4279000088068,19.0251406777556,18.2214927641564,17.4043955204722,17.1246167512092,16.8739777223067,17.1042587657935,17.0446379004326,16.9400567697518
"udp-n-acetylglucosamine",17.4633935720168,16.8545299794438,17.1387511014168,17.8038190244407,17.6786752846151,17.1876503860227,15.8687240363632,16.2669450615699,16.3914305824905,16.2040749605815,16.0465354767197,16.6197292277926,16.2992768150878,16.2889372474558,16.2058029128868,16.1519536650596,16.1349382345102,15.8079747024703
"riboflavin",9.11994306275652,10.6856978100443,10.7692237156436,10.1685678317028,10.9627895115757,10.8015767831701,8.48991147253669,8.79277863623708,8.90670110560939,7.96850785243203,8.88344263158968,9.36869030567088,9.37661710056309,10.1787478925828,9.70560075087202,9.71519146274169,9.80760393919532,9.21080591892003
"citraconic acid",9.6222400916897,8.89166180916902,10.6672517606049,8.93742254229294,9.29547948170802,10.5237785390934,9.59130185936699,3.1244995624856,NA,8.72829400228746,10.1061645681434,3.23918551207563,9.17502690622115,7.80927019324609,NA,7.54176984399835,NA,6.14209008784066
"flavin adenine dinucleotide",12.0577217775192,12.1167105924887,11.7435756940618,11.8555802605639,11.9009696868799,12.197219962826,12.223465680987,12.2396893371229,12.1330645941545,11.9220025024354,12.2839106212682,11.9875775260962,11.6026086816982,11.8013540565958,11.3985192622004,12.0476194220741,11.9712203698718,11.6111311188148
"3-methyl-2-oxopentanoate",14.2888840061137,15.0542593500074,14.4159541369602,14.3466166807979,14.8214521468694,15.1267021073311,14.1151734283377,13.4280550295419,14.3333504301709,13.4511411136623,13.4493716382995,13.9059302902629,15.1340435874585,15.2851162445779,14.7549396470702,15.0380692482498,14.794024877846,14.657194894545
"linoleic acid",12.5320551290347,11.9662928186046,9.24060375339729,11.9183949392974,NA,9.76122266079367,15.8030861244614,16.0491169860922,15.1880121929306,14.736647295458,15.366053009355,14.5528498462987,13.7449712842265,13.1716398215677,12.6768511495822,13.5099360517564,12.6501123753611,12.8583483573447
"(2s)-2-isopropylmalate",8.93159520367558,9.4250683679644,7.18904330292067,7.63097581318194,7.63026777455797,NA,11.2364226667841,4.4133752550355,8.92185041212897,7.0039273123704,8.75376513151874,9.20364016209155,9.1540786120036,9.0683857470609,NA,9.6658820234854,8.99678427828778,7.20824910863214
"lumichrome",12.7465762246957,13.3037979542673,13.2517812310198,12.8828457204063,12.899022115001,12.8940845742948,13.1272979096139,12.9122699271819,12.937051088861,12.4644634418766,12.8302743255246,12.8501942269452,12.6442616389814,12.8649587725896,13.0412318908386,13.1884980735979,13.0807045735195,12.9632242380375
"erythrosphingosine",12.741923863267,9.58441512687383,12.6037824593686,14.628564560986,12.8178868580091,NA,14.6481372272225,14.7924044102155,14.637476372464,14.6770629999276,14.4644006158768,14.6343795710675,10.9280014654811,11.128430733387,13.3375945599309,9.834209444956,11.5782278673262,12.5144755210845
"3-indoleacrylic acid",15.5498451255525,16.4823519357528,16.0362720952413,15.7857525634917,16.3332687588782,16.7257546103047,15.056310063794,14.0716907697931,14.5812620146353,14.8219490201766,14.6912725286253,15.2561682633039,15.813522704236,16.074401296558,15.8885920851934,16.1437439656177,16.0070261115282,15.784917226088
"(3,4-dihydroxyphenyl)acetate",6.95794719699892,11.547020305914,9.6474111133767,10.9291548327323,NA,11.3818271697984,10.7188846949299,NA,5.90358920593941,NA,NA,NA,10.6518669378848,NA,NA,8.30031588680586,NA,NA
"l-threonic acid",19.1709405719962,19.0117034174085,18.2473334283249,18.6706707772969,18.7347416196793,18.4112937348966,NA,NA,NA,NA,NA,NA,NA,14.6268975539487,NA,NA,NA,NA
"isovalerylcarnitine",19.10977919768,19.1047162011617,18.9781938758417,19.1263561650305,19.2495822334466,19.3345891434345,19.4685250182903,19.3586039777903,19.4784229579379,19.4445102251008,19.3348960794161,19.7234505815935,19.0968253348797,19.1602508913481,19.1133006238266,19.3179257415111,19.2664327414865,19.1251275195973
"o-stearoylcarnitine",13.4030988477094,13.4721651864917,13.2829018635191,13.0423660911168,13.8462955261451,13.5918677058712,13.6734840745459,13.7996162695376,12.9775054858342,13.8742812095075,13.522133772715,13.6047125850327,NA,NA,11.5467454678935,11.2974803543193,11.2541068956878,NA
"oleoylcarnitine",14.358980588499,14.0334404225255,14.3961901046293,14.0334441918256,14.539780441278,14.1478042154346,14.8175380716002,15.1895828130966,14.6524813422666,14.8934428541979,14.8405754089616,14.9138419869926,14.9240962961431,14.9817446267944,15.0027176014015,14.924117824178,14.8864294294844,14.983234383629
"(2s)-2-azaniumylpropanoate",12.8774887650332,12.1993865233608,12.5871545788939,12.7393249610978,12.845208467416,12.8225950434875,11.7082677045388,11.9365023549972,12.0296407492041,11.8990577989511,12.1109584811413,11.9852126969056,12.0659655490882,12.0432133877976,11.7654040877858,12.1548912486729,11.9985067266779,11.8851689421642
"o-dodecanoylcarnitine",11.3351743619419,10.7978224041271,11.0249329125667,10.8703885955264,10.6769920483643,10.7799992641678,11.1798522355167,11.4082148264332,11.0102072177628,11.1691242131084,10.9854926849916,11.1379796818196,10.5010381693064,10.5738999843966,11.1969690923691,10.578399650352,10.5391665122479,10.532264168525
"n-acetylcitrulline",7.5425568339399,6.95418827432042,6.59733053478636,6.95196044562097,7.08327141853352,3.93900441568265,NA,5.12033320893226,7.0630705112059,5.02519191482097,5.68467778519598,1.34691839223183,5.78324924130015,NA,3.76775382917968,5.20682439061736,7.92062364812712,NA
"l-palmitoylcarnitine",15.67012543885,15.3926206946556,15.68231422279,15.215918424784,15.5259171605556,15.5206222213051,16.4508685528215,16.5931234707403,16.1144445593648,16.4281149697783,16.3842288721257,16.2261878181239,15.4210260347146,15.4842844536019,15.518194432408,15.4536069070201,15.3842536329076,15.5827351997776
"tiglyl carnitine",13.1056441602359,13.1424795883872,12.8286495880538,12.625615588763,13.2249012040228,13.3916989400215,13.3527677373555,13.0251542759276,13.2276000094574,13.1660061257759,13.2886504855719,13.3926523341629,12.8461012237016,12.7836722370821,12.83383409049,12.9195145965005,12.8257092676232,12.9640568050906
"cyclic gmp",9.92520364743075,NA,7.62260066636548,10.4306366957533,NA,NA,NA,NA,6.69441211690855,NA,8.46448503742694,8.60650735559232,10.3401956572542,NA,NA,NA,9.00112346471747,NA
"guanosine",5.45228290412056,4.7304829104218,NA,3.77361929900354,NA,3.7435873993462,4.1635139408813,6.40633737908649,NA,6.81524533106335,5.65034345240076,4.67608321082317,5.13579966159054,NA,6.75239186022242,5.77139675979686,NA,6.46839234031775
"hypoxanthine",9.69569440368917,9.9687152306521,9.83903150632036,9.7185387321149,10.0577995730291,9.45226918972487,7.36586208029152,8.57906511276808,8.31870637832272,8.61609773900686,7.01283285178215,8.1252571921856,8.97933801761751,8.62108487040155,6.82875298792716,7.81649462543806,8.82148792409676,8.78666556973569
"inosine",12.8287148159647,12.4738154998397,12.1075289413004,12.5934170168343,12.1863340170804,12.4447852991218,12.7081478316328,13.4541192372824,12.7777530515909,12.9349831318263,13.2079751351627,13.0506374717295,11.5446114377424,11.2710974229693,11.4353245221764,11.3403134765879,11.1829347177892,11.0882574094677
